{"cameraMode":{"drawMode":0,"name":"Shaded","section":"Shading Mode"},"sceneLighting":false,"audioPlay":false,"sceneViewState":{"m_AlwaysRefresh":false,"showFog":true,"showSkybox":false,"showFlares":true,"showImageEffects":true,"showParticleSystems":true,"showVisualEffectGraphs":true,"m_FxEnabled":true},"in2DMode":false,"pivot":{"x":0.35234197974205019,"y":4.460941314697266,"z":1.0596956014633179},"rotation":{"x":-0.26342374086380007,"y":-0.29850977659225466,"z":0.08609668910503388,"w":-0.9132950901985169},"size":7.745030879974365,"orthographic":false}