{"cameraMode":{"drawMode":0,"name":"Shaded","section":"Shading Mode"},"sceneLighting":true,"audioPlay":false,"sceneViewState":{"m_AlwaysRefresh":false,"showFog":true,"showSkybox":false,"showFlares":true,"showImageEffects":true,"showParticleSystems":true,"showVisualEffectGraphs":true,"m_FxEnabled":true},"in2DMode":false,"pivot":{"x":-19.723922729492189,"y":11.399924278259278,"z":9.363191604614258},"rotation":{"x":-0.13355407118797303,"y":0.8455314040184021,"z":-0.24938732385635377,"w":-0.45284682512283327},"size":25.696605682373048,"orthographic":true}